<?xml version="1.0" encoding="UTF-8"?>
<?altova_sps ResourceAuhtoring.sps?>
<knowledgeResourceProfile xmlns:xsi="http://www.w3.org/2001/XMLSchema-instance" xsi:noNamespaceSchemaLocation="ResourceProfile-v2.8_LITE.xsd">
	<!--
/public/search?mdcquery=
[&search_type=<content area to search>]
[&thesaurus=<enable/disable MDC thesaurus>]
[&error_url=<user supplied error URL>]
[&version=<version stamp>]
[&j_date_range=<range of journal dates to search>]
[&j_sort=<journal result sort order>]
[&u_sort=<updates result sort order>]
[&j_clinical_focus=<clinical focus area used to limit search>]
[&j_age=<age  used to limit search>]
[&j_study_group=<study group used to limit search>]
[&j_issn=<ISSN used to limit search>]
[&source=<source>]
[&fc_search_type=<FIRSTConsult search type>]
[&fc_article_types=<FIRSTConsult article types>]
[&cp_search_type=<Clinical Pharmacology sub-area>]
-->
	<header id="7">
		<title>FirstConsult</title>
		<profileDescription>A collection of summarized content for quick point of care use.</profileDescription>
		<versionControl publicationDate="2011-02-15T19:27:00"/>
	</header>
	<profileDefinition>
		<authorizedOrganizations>
			<authorizedOrganization name="Veterans Administration" id="1.3.6.1.4.1.3768"/>
		</authorizedOrganizations>
		<contexts>
			<context name="General purpose context. Various domains including medications, procedures, problems. " hl7Compliant="false" id="2" urlStyle="DIRTY">
				<contextDescription>Links to guidelines, books and journal articles from problem-related tasks</contextDescription>
				<contextDefinition>
					<task match="true" search="false">
						<matchingDomain>
							<enumeration includeDescendants="false">
								<code codeSystem="2.16.840.1.113883.5.4" displayName="" code="CLINNOTEE"/>
								<code codeSystem="2.16.840.1.113883.5.4" displayName="" code="CLINNOTEREV"/>
								<code codeSystem="2.16.840.1.113883.5.4" displayName="" code="DIAGLISTE"/>
								<code codeSystem="2.16.840.1.113883.5.4" displayName="" code="DIAGLISTREV"/>
								<code codeSystem="2.16.840.1.113883.5.4" displayName="" code="DISCHSUME"/>
								<code codeSystem="2.16.840.1.113883.5.4" displayName="" code="DISCHSUMREV"/>
								<code codeSystem="2.16.840.1.113883.5.4" displayName="" code="PROBLISTE"/>
								<code codeSystem="2.16.840.1.113883.5.4" displayName="" code="PROBLISTREV"/>
							</enumeration>
						</matchingDomain>
					</task>
					<performerKnowledgeUserType match="true" search="false">
						<matchingDomain>
							<enumeration includeDescendants="false">
								<code codeSystem="2.16.840.1.113883.5.110" displayName="" code="PROV"/>
							</enumeration>
						</matchingDomain>
					</performerKnowledgeUserType>
					<conceptOfInterest match="false" search="true">
						<searchParameter source="displayName">
							<syntaxOnResource nonHl7CompliantName="mdcquery"/>
						</searchParameter>
					</conceptOfInterest>
					<subTopics>
						<subTopic linkName="Quick reference"/>
					</subTopics>
				</contextDefinition>
				<knowledgeRequestService>
					<knowledgeRequestServiceLocation url="http://home.mdconsult.com/public/search?"/>
					<attributes>
						<attribute name="search_type" value="firstconsult"/>
					</attributes>
				</knowledgeRequestService>
			</context>
		</contexts>
	</profileDefinition>
</knowledgeResourceProfile>
