<?xml version="1.0" encoding="UTF-8"?>
<?altova_sps ResourceAuhtoring.sps?>
<knowledgeResourceProfile xmlns:xsi="http://www.w3.org/2001/XMLSchema-instance" xsi:noNamespaceSchemaLocation="ResourceProfile-v2.8_LITE.xsd">
	<header id="3">
		<title>PubMed Health</title>
		<profileDescription>.</profileDescription>
		<versionControl publicationDate="2011-05-24T00:00:00"></versionControl>
	</header>
	<profileDefinition>
		<authorizedOrganizations>
			<authorizedOrganization name="University of Utah" id="1.3.6.1.4.1.5884"/>
			<authorizedOrganization name="National Institutes of Health" id="1.3.6.1.4.1.9328"/>
			<authorizedOrganization name="Veterans Administration" id="1.3.6.1.4.1.3768"/>
			<authorizedOrganization name="Duke Unversity" id="1.3.6.1.4.1.4275"/>
		</authorizedOrganizations>
		<contexts>
			<context name="Medication knowledge from medication order entry (MEDOE), medication list (MLREV), and problem list. Patient is the knowledge consumer" id="1" hl7Compliant="false" urlStyle="DIRTY">
				<contextDefinition>
					<task match="true" search="false">
						<matchingDomain>
							<enumeration includeDescendants="false">
								<code codeSystem="2.16.840.1.113883.5.4" displayName="Order entry" code="MEDOE"/>
							  <code codeSystem="2.16.840.1.113883.5.4" displayName="Medication list review" code="MLREV"/>
								<code codeSystem="2.16.840.1.113883.5.4" displayName="" code="PROBLISTE"/>
								<code codeSystem="2.16.840.1.113883.5.4" displayName="" code="PROBLISTREV"/>
								<code codeSystem="2.16.840.1.113883.5.4" displayName="" code="LABRREV"/>
              </enumeration>
						</matchingDomain>
					</task>
					<informationRecipientUserType match="true" search="false">
						<matchingDomain>
							<enumeration includeDescendants="false">
									<code codeSystem="2.16.840.1.113883.5.110" displayName="Patient" code="PAT"/>
              </enumeration>
            </matchingDomain>
					</informationRecipientUserType>
					<conceptOfInterest match="false" search="true" >
					  <searchParameter source="displayName">
						  <syntaxOnResource nonHl7CompliantName="term"/>
            </searchParameter>
					</conceptOfInterest>
					<subTopics>
						<subTopic linkName="Patient education">
							<searchParameter>
								<valueSource>
									<searchCode>
										<code codeSystem="2.16.840.1.113883.6.177" displayName="Patient education" code=""/>
									</searchCode>
								</valueSource>
							</searchParameter>
						</subTopic>
          </subTopics>
				</contextDefinition>
				<knowledgeRequestService>
					<knowledgeRequestServiceLocation url="http://www.ncbi.nlm.nih.gov/pubmedhealth/?"/>
				</knowledgeRequestService>
			</context>
		</contexts>
	</profileDefinition>
</knowledgeResourceProfile>
