<?xml version="1.0" encoding="UTF-8"?>
<knowledgeResourceProfile xmlns:xsi="http://www.w3.org/2001/XMLSchema-instance" xsi:noNamespaceSchemaLocation="ResourceProfile-v2.9_LITE.xsd">
	<header id="1100">
		<title>DailyMed</title>
		<profileDescription>FDA drug labels</profileDescription>
		<versionControl publicationDate="2011-01-10T14:39:00"/>
	</header>
	<profileDefinition hl7URLCompliant="false" hl7KnowledgeResponseCompliant="false" urlStyle="DIRTY">
		<authorizedOrganizations>
			<authorizedOrganization name="University of Washington" id="1.3.6.1.4.1.150"/>
			<authorizedOrganization name="Veterans Administration" id="1.3.6.1.4.1.3768"/>
			<authorizedOrganization name="Northwestern University" id="2.16.840.1.113883.3.1951"/>
		</authorizedOrganizations>
		<supportedTerminologies>
			<supportedTerminology id="2.16.840.1.113883.6.88" name="RxNorm"/>
		</supportedTerminologies>

		<contexts>
			<context name="Knowledge on pharmacogenetic information from medication order entry" id="1">
				<contextDefinition>
					<task match="true" search="false">
						<matchingDomain>
							<enumeration includeDescendants="false">
								<code codeSystem="2.16.840.1.113883.5.4" displayName="medication order entry" code="MEDOE"/>
								<code codeSystem="2.16.840.1.113883.5.4" displayName="medication list review" code="MLREV"/>
							</enumeration>
						</matchingDomain>
					</task>
					<conceptOfInterest match="false" search="true">
						<searchParameter source="code">
							<syntaxOnResource nonHl7CompliantName="rxcui"/>
						</searchParameter>
						<outputDisplayNameTransformation id="getDrugCode" name="getDrugCode"/>
					</conceptOfInterest>
					<subTopics>
						<subTopic linkName="FDA Drug Label"/>
					</subTopics>
				</contextDefinition>
				<knowledgeRequestService>
					<knowledgeRequestServiceLocation url="http://dailymed.nlm.nih.gov/dailymed/rxcui.cfm?"/>
				</knowledgeRequestService>
			</context>
		</contexts>
	</profileDefinition>
</knowledgeResourceProfile>
