<?xml version="1.0" encoding="UTF-8"?>
<knowledgeResourceProfile xmlns:xsi="http://www.w3.org/2001/XMLSchema-instance" xsi:noNamespaceSchemaLocation="ResourceProfile-v2.9_LITE.xsd">
	<header id="4">
		<title>Mosby's Skills</title>
		<profileDescription>.</profileDescription>
		<versionControl publicationDate="2012-10-15T00:00:00"/>
	</header>
	<profileDefinition hl7URLCompliant="true" hl7KnowledgeResponseCompliant="false">
		<authorizedOrganizations>
			<authorizedOrganization name="University of Utah" id="1.3.6.1.4.1.5884"/>
		</authorizedOrganizations>
		<contexts>
			<context name="Knowledge on conditions from problem list review and entry" id="1">
				<contextDefinition>
					<task match="true" search="true">
						<matchingDomain>
							<enumeration includeDescendants="false">
								<code codeSystem="2.16.840.1.113883.5.4" displayName="problem list review task" code="PROBLISTREV"/>
								<code codeSystem="2.16.840.1.113883.5.4" displayName="problem list entry task" code="PROBLISTE"/>
								<code codeSystem="2.16.840.1.113883.5.4" displayName="problem list review task" code="DIAGLISTREV"/>
								<code codeSystem="2.16.840.1.113883.5.4" displayName="problem list entry task" code="DIAGLISTE"/>
							</enumeration>
						</matchingDomain>
					</task>
					<performerKnowledgeUserType match="true" search="false">
						<matchingDomain>
							<enumeration includeDescendants="false">
								<code codeSystem="2.16.840.1.113883.5.110" displayName="Provider" code="PROV"/>
							</enumeration>
						</matchingDomain>
					</performerKnowledgeUserType>
					<conceptOfInterest search="true" match="false"/>
					<subTopics>
						<subTopic linkName="Topic summary"/>
					</subTopics>
				</contextDefinition>
				<knowledgeRequestService>
					<knowledgeRequestServiceLocation url="http://www.elsinfobutton.com/info/1030?"/>
				</knowledgeRequestService>
			</context>
		</contexts>
	</profileDefinition>
</knowledgeResourceProfile>
