<?xml version="1.0" encoding="UTF-8"?>
<knowledgeResourceProfile xmlns:xsi="http://www.w3.org/2001/XMLSchema-instance" xsi:noNamespaceSchemaLocation="../../models/ResourceProfile-v2.8_LITE.xsd">
	<header id="1">
		<title>Lexicomp</title>
		<profileDescription>_</profileDescription>
		<versionControl publicationDate="2013-04-19T00:00:00"/>
	</header>
	<profileDefinition hl7URLCompliant="true" hl7KnowledgeResponseCompliant="false">
		<authorizedOrganizations>
			<authorizedOrganization name="Lehigh Valley Health Network" id="http://lvhn.org"/>
		</authorizedOrganizations>
		<supportedTerminologies>
			<supportedTerminology id="2.16.840.1.113883.6.88" name="RxNorm"/>
		</supportedTerminologies>
		<contexts>
			<context name="Medication knowledge from order entry (OE) and medication list (MLREV). " id="1">
				<contextDefinition>
					<patientGender match="false" search="true"/>
					<patientAgeGroup match="false" search="true"/>
					<task match="true" search="true">
						<matchingDomain>
							<enumeration includeDescendants="false">
								<code codeSystem="2.16.840.1.113883.5.4" displayName="medication order entry" code="MEDOE"/>
								<code codeSystem="2.16.840.1.113883.5.4" displayName="medication list review" code="MLREV"/>
							</enumeration>
						</matchingDomain>
					</task>
					<encounterType match="false" search="true"/>
					<conceptOfInterest match="false" search="true">
						<outputDisplayNameTransformation id="getDrugCode" name="getDrugCode"/>
					</conceptOfInterest>
					<subTopics>
						<subTopic linkName="Drug information"/>
					</subTopics>
				</contextDefinition>
				<knowledgeRequestService>
					<knowledgeRequestServiceLocation url="http://online.lexi.com/lco/action/hl7?"/>
				</knowledgeRequestService>
			</context>
		</contexts>
	</profileDefinition>
</knowledgeResourceProfile>
