<?xml version="1.0" encoding="UTF-8"?>
<?altova_sps ResourceAuhtoring.sps?>
<knowledgeResourceProfile xmlns:xsi="http://www.w3.org/2001/XMLSchema-instance" xsi:noNamespaceSchemaLocation="ResourceProfile-v2.8_LITE.xsd">
	<header id="1">
		<title>MayoClinic</title>
		<profileDescription>Patient education</profileDescription>
		<versionControl publicationDate="2012-05-31T00:00:00"></versionControl>
	</header>
	<profileDefinition>
		<authorizedOrganizations>
			<authorizedOrganization name="Veterans Administration" id="1.3.6.1.4.1.3768"/>
			<authorizedOrganization id="1.3.6.1.4.1.5884" name="University of Utah"/>
			<authorizedOrganization id="1.3.6.1.4.1.34810" name="Intermountain Healthcare"/>
		</authorizedOrganizations>
		<contexts>
			<context name="Access to disease modules from problem list review and entry. Pediatric population." id="1" hl7Compliant="false" urlStyle="DIRTY">
				<contextDefinition>
					<task match="true" search="false">
						<matchingDomain>
							<enumeration includeDescendants="false">
								<code codeSystem="2.16.840.1.113883.5.4" displayName="problem list review task" code="PROBLISTREV"/>
								<code codeSystem="2.16.840.1.113883.5.4" displayName="problem list entry task" code="PROBLISTE"/>
							</enumeration>
						</matchingDomain>
					</task>
					<conceptOfInterest match="false" search="true">
						<searchParameter source="displayName">
						  <syntaxOnResource nonHl7CompliantName="q" valuePrefix="" valueSuffix="+site:www.mayoclinic.com/health/"/>
						</searchParameter>
					</conceptOfInterest>
					<subTopics>
					  <subTopic linkName="Patient education">
							<searchParameter>
							  <valueSource>
									<searchCode>
										<code displayName="Patient education" codeSystem="2.16.840.1.113883.6.177" code=""/>
									</searchCode>
								</valueSource>
							</searchParameter>
						</subTopic>
					</subTopics>
				</contextDefinition>
				<knowledgeRequestService>
					<knowledgeRequestServiceLocation url="http://www.google.com/search?hl=en&amp;btnI=Im+Feeling+Lucky&amp;"/>
				</knowledgeRequestService>
			</context>
		</contexts>
	</profileDefinition>
</knowledgeResourceProfile>
