<?xml version="1.0" encoding="UTF-8"?>
<knowledgeResourceProfile xmlns:xsi="http://www.w3.org/2001/XMLSchema-instance" xsi:noNamespaceSchemaLocation="ResourceProfile-v2.9_LITE.xsd">
	<!--

/public/search?mdcquery=

[&search_type=<content area to search>]

[&thesaurus=<enable/disable MDC thesaurus>]

[&error_url=<user supplied error URL>]

[&version=<version stamp>]

[&j_date_range=<range of journal dates to search>]

[&j_sort=<journal result sort order>]

[&u_sort=<updates result sort order>]

[&j_clinical_focus=<clinical focus area used to limit search>]

[&j_age=<age  used to limit search>]

[&j_study_group=<study group used to limit search>]

[&j_issn=<ISSN used to limit search>]

[&source=<source>]

[&fc_search_type=<FIRSTConsult search type>]

[&fc_article_types=<FIRSTConsult article types>]

[&cp_search_type=<Clinical Pharmacology sub-area>]

-->
	<header id="7">
		<title>MDConsult</title>
		<profileDescription>A general purpose resource with a large collection of electronic books and journals.</profileDescription>
		<versionControl publicationDate="2011-02-15T19:27:00"/>
	</header>
	<profileDefinition hl7URLCompliant="false" hl7KnowledgeResponseCompliant="false" urlStyle="DIRTY">
		<authorizedOrganizations>
			<authorizedOrganization name="Veterans Administration" id="1.3.6.1.4.1.3768"/>
						<authorizedOrganization name="Lehigh Valley Health Network" id="http://lvhn.org"/>

		</authorizedOrganizations>
		<contexts>
			<context name="Drug information" id="1">
				<contextDescription>Knowledge on medications from order entry and meds list</contextDescription>
				<contextDefinition>
					<patientGender match="false" search="false"/>
					<task match="true" search="false">
						<matchingDomain>
							<enumeration includeDescendants="false">
								<code codeSystem="2.16.840.1.113883.5.4" displayName="Order entry" code="OE"/>
								<code codeSystem="2.16.840.1.113883.5.4" displayName="" code="MEDOE"/>
								<code codeSystem="2.16.840.1.113883.5.4" displayName="Medication list review" code="MLREV"/>
							</enumeration>
						</matchingDomain>
					</task>
					<performerKnowledgeUserType match="true" search="false">
						<matchingDomain>
							<enumeration includeDescendants="false">
								<code codeSystem="2.16.840.1.113883.5.110" displayName="" code="PROV"/>
							</enumeration>
						</matchingDomain>
					</performerKnowledgeUserType>
					<conceptOfInterest match="false" search="true">
						<searchParameter source="displayName">
							<syntaxOnResource nonHl7CompliantName="mdcquery"/>
						</searchParameter>
					</conceptOfInterest>
					<subTopics>
						<subTopic linkName="Drug information">
							<searchParameter>
								<valueSource>
									<searchCode>
										<code displayName="Drug information" code="alldrugs" codeSystem=""/>
									</searchCode>
								</valueSource>
							</searchParameter>
						</subTopic>
					</subTopics>
				</contextDefinition>
				<knowledgeRequestService>
					<knowledgeRequestServiceLocation url="http://home.mdconsult.com/public/search?"/>
				</knowledgeRequestService>
			</context>
			<context name="Disease information" id="2">
				<contextDescription>Links to guidelines, books and journal articles from problem-related tasks</contextDescription>
				<contextDefinition>
					<patientAgeGroup match="false" search="true">
						<searchParameter source="code">
							<syntaxOnResource nonHl7CompliantName="j_age"/>
						</searchParameter>
						<outputCodeTransformation id="MeSH_Age_To_MDConsult"/>
					</patientAgeGroup>
					<task match="true" search="false">
						<matchingDomain>
							<enumeration includeDescendants="false">
								<code codeSystem="2.16.840.1.113883.5.4" displayName="" code="CLINNOTEE"/>
								<code codeSystem="2.16.840.1.113883.5.4" displayName="" code="CLINNOTEREV"/>
								<code codeSystem="2.16.840.1.113883.5.4" displayName="" code="DIAGLISTE"/>
								<code codeSystem="2.16.840.1.113883.5.4" displayName="" code="DIAGLISTREV"/>
								<code codeSystem="2.16.840.1.113883.5.4" displayName="" code="DISCHSUME"/>
								<code codeSystem="2.16.840.1.113883.5.4" displayName="" code="DISCHSUMREV"/>
								<code codeSystem="2.16.840.1.113883.5.4" displayName="" code="PROBLISTE"/>
								<code codeSystem="2.16.840.1.113883.5.4" displayName="" code="PROBLISTREV"/>
							</enumeration>
						</matchingDomain>
					</task>
					<performerKnowledgeUserType match="true" search="false">
						<matchingDomain>
							<enumeration includeDescendants="false">
								<code codeSystem="2.16.840.1.113883.5.110" displayName="" code="PROV"/>
							</enumeration>
						</matchingDomain>
					</performerKnowledgeUserType>
					<conceptOfInterest match="false" search="true">
						<searchParameter source="displayName">
							<syntaxOnResource nonHl7CompliantName="mdcquery"/>
						</searchParameter>
					</conceptOfInterest>
					<subTopics>
						<subTopic linkName="Guidelines">
							<searchParameter>
								<valueSource>
									<searchCode>
										<code codeSystem="" displayName="Guidelines" code="allguidelines"/>
									</searchCode>
								</valueSource>
								<syntaxOnResource nonHl7CompliantName="search_type"/>
							</searchParameter>
						</subTopic>
						<subTopic linkName="Books">
							<searchParameter>
								<valueSource>
									<searchCode>
										<code codeSystem="" displayName="Books" code="allbooks"/>
									</searchCode>
								</valueSource>
								<syntaxOnResource nonHl7CompliantName="search_type"/>
							</searchParameter>
						</subTopic>
						<subTopic linkName="Journals">
							<searchParameter>
								<valueSource>
									<searchCode>
										<code codeSystem="" displayName="Journals" code="journal"/>
									</searchCode>
								</valueSource>
								<syntaxOnResource nonHl7CompliantName="search_type"/>
							</searchParameter>
						</subTopic>
					</subTopics>
				</contextDefinition>
				<knowledgeRequestService>
					<knowledgeRequestServiceLocation url="http://home.mdconsult.com/public/search?"/>
					<attributes>
						<attribute name="j_sort" value="relevancy"/>
						<attribute name="j_date_range" value="2005-current"/>
					</attributes>
				</knowledgeRequestService>
			</context>
			<context name="Patient education" id="3">
				<contextDescription>Links to patient education material from medications and problems</contextDescription>
				<contextDefinition>
					<task match="true" search="false">
						<matchingDomain>
							<enumeration includeDescendants="false">
								<code codeSystem="2.16.840.1.113883.5.4" displayName="" code="PROBLISTE"/>
								<code codeSystem="2.16.840.1.113883.5.4" displayName="" code="PROBLISTREV"/>
								<code codeSystem="2.16.840.1.113883.5.4" displayName="" code="DIAGLISTE"/>
								<code codeSystem="2.16.840.1.113883.5.4" displayName="" code="DIAGLISTREV"/>
							</enumeration>
						</matchingDomain>
					</task>
					<conceptOfInterest match="false" search="true">
						<searchParameter source="displayName">
							<syntaxOnResource nonHl7CompliantName="mdcquery"/>
						</searchParameter>
					</conceptOfInterest>
					<subTopics>
						<subTopic linkName="Patient education">
							<searchParameter>
								<valueSource>
									<searchCode>
										<code codeSystem="" displayName="Patient education" code="pe"/>
									</searchCode>
								</valueSource>
							</searchParameter>
						</subTopic>
					</subTopics>
				</contextDefinition>
				<knowledgeRequestService>
					<knowledgeRequestServiceLocation url="http://home.mdconsult.com/public/search?"/>
					<attributes>
						<attribute name="j_sort" value="relevancy"/>
						<attribute name="search_type" value="pe"/>
					</attributes>
				</knowledgeRequestService>
			</context>
		</contexts>
	</profileDefinition>
</knowledgeResourceProfile>
