<?xml version="1.0" encoding="UTF-8"?>
<knowledgeResourceProfile>
	<header id="3">
		<title>MedlinePlus</title>
		<profileDescription>Patient education content from NLM</profileDescription>
		<versionControl publicationDate="2010-06-29T04:00:00"/>
	</header>
	<profileDefinition hl7URLCompliant="true" hl7KnowledgeResponseCompliant="true">
		<authorizedOrganizations>
			<authorizedOrganization name="University of Utah" id="1.3.6.1.4.1.5884"/>
			<authorizedOrganization name="National Institutes of Health" id="1.3.6.1.4.1.9328"/>
			<authorizedOrganization name="Veterans Administration" id="1.3.6.1.4.1.3768"/>
			<authorizedOrganization name="Duke Unversity" id="1.3.6.1.4.1.4275"/>
			<authorizedOrganization id="MBL" name="Marine Biology Laboratory"/>
			<authorizedOrganization id="1.3.6.1.4.1.88" name="NYU"/>
			<authorizedOrganization name="Northwestern University" id="2.16.840.1.113883.3.1951"/>
			<authorizedOrganization name="Axeium" id="axeium.net"/>
						<authorizedOrganization name="Lehigh Valley Health Network" id="http://lvhn.org"/>

		</authorizedOrganizations>
		<supportedTerminologies>
			<supportedTerminology id="2.16.840.1.113883.6.96" name="SNOMED-CT"/>
			<supportedTerminology id="2.16.840.1.113883.6.103" name="ICD9-CM"/>
			<supportedTerminology id="2.16.840.1.113883.6.88" name="RxNorm"/>
			<supportedTerminology id="2.16.840.1.113883.6.1" name="LOINC"/>
		</supportedTerminologies>
		<contexts>
			<context name="Medication knowledge from order entry (OE) and medication list (MLREV). Patient is the knowledge consumer" id="1">
				<contextDefinition>
					<patientGender match="false" search="true"/>
					<patientAgeGroup match="false" search="true"/>
					<task match="true" search="false">
						<matchingDomain>
							<enumeration includeDescendants="false">
								<code codeSystem="2.16.840.1.113883.5.4" displayName="" code="PROBLISTE"/>
								<code codeSystem="2.16.840.1.113883.5.4" displayName="" code="PROBLISTREV"/>
								<code codeSystem="2.16.840.1.113883.5.4" displayName="" code="LABRREV"/>
							</enumeration>
						</matchingDomain>
					</task>
					<informationRecipientLanguage match="false" search="true"/>
					<informationRecipientUserType match="false" search="true"/>
					<conceptOfInterest match="false" search="true"/>
					<subTopics>
						<subTopic linkName="Patient education"/>
					</subTopics>
				</contextDefinition>
				<knowledgeRequestService>
					<knowledgeRequestServiceLocation url="http://apps.nlm.nih.gov/medlineplus/services/mpconnect_service.cfm?knowledgeResponseType=text/xml&amp;"/>
				</knowledgeRequestService>
			</context>
			<context name="Medication knowledge from order entry (OE) and medication list (MLREV). Patient is the knowledge consumer" id="1">
				<contextDefinition>
					<patientGender match="false" search="true"/>
					<patientAgeGroup match="false" search="true"/>
					<task match="true" search="false">
						<matchingDomain>
							<enumeration includeDescendants="false">
								<code codeSystem="2.16.840.1.113883.5.4" displayName="Order entry" code="MEDOE"/>
								<code codeSystem="2.16.840.1.113883.5.4" displayName="Medication list review" code="MLREV"/>
							</enumeration>
						</matchingDomain>
					</task>
					<informationRecipientLanguage match="false" search="true"/>
					<informationRecipientUserType match="false" search="true"/>
					<conceptOfInterest match="false" search="true">
						<outputDisplayNameTransformation id="getDrugCode" name="getDrugCode"/>
					</conceptOfInterest>
					<subTopics>
						<subTopic linkName="Patient education"/>
					</subTopics>
				</contextDefinition>
				<knowledgeRequestService>
					<knowledgeRequestServiceLocation url="http://apps.nlm.nih.gov/medlineplus/services/mpconnect_service.cfm?knowledgeResponseType=text/xml&amp;"/>
				</knowledgeRequestService>
			</context>
		</contexts>
	</profileDefinition>
</knowledgeResourceProfile>
