<?xml version="1.0" encoding="UTF-8"?>
<knowledgeResourceProfile xmlns:xsi="http://www.w3.org/2001/XMLSchema-instance" xsi:noNamespaceSchemaLocation="ResourceProfile-v2.9_LITE.xsd">
	<header id="1">
		<title>PubMed</title>
		<profileDescription>Uses the Pubmed Clinical Queries filter</profileDescription>
		<versionControl publicationDate="2010-10-16T10:26:00"/>
	</header>
	<profileDefinition hl7URLCompliant="false" hl7KnowledgeResponseCompliant="false" urlStyle="DIRTY">
		<authorizedOrganizations>
			<authorizedOrganization name="University of Utah" id="1.3.6.1.4.1.5884"/>
			<authorizedOrganization name="National Institutes of Health" id="1.3.6.1.4.1.9328"/>
			<authorizedOrganization name="Veterans Administration" id="1.3.6.1.4.1.3768"/>
			<authorizedOrganization id="MBL" name="Marine Biology Laboratory"/>
			<authorizedOrganization name="Axeium" id="http://axeium.net"/>
						<authorizedOrganization name="Lehigh Valley Health Network" id="http://lvhn.org"/>

		</authorizedOrganizations>
		<contexts>
			<context name="Links from problem list to PubMed Clinical Queries" id="1">
				<contextDefinition>
					<task match="true" search="false">
						<matchingDomain>
							<enumeration includeDescendants="false">
								<code codeSystem="2.16.840.1.113883.5.4" displayName="diagnosis list review task" code="DIAGLISTREV"/>
								<code codeSystem="2.16.840.1.113883.5.4" displayName="diagnosis list entry task" code="DIAGLISTE"/>
								<code codeSystem="2.16.840.1.113883.5.4" displayName="problem list review task" code="PROBLISTREV"/>
								<code codeSystem="2.16.840.1.113883.5.4" displayName="problem list entry task" code="PROBLISTE"/>
								<code codeSystem="2.16.840.1.113883.5.4" displayName="clinical note review task" code="CLINNOTEREV"/>
								<code codeSystem="2.16.840.1.113883.5.4" displayName="clinical note entry task" code="CLINNOTEE"/>
							</enumeration>
						</matchingDomain>
					</task>
					<conceptOfInterest match="false" search="true">
						<searchParameter source="displayName">
							<syntaxOnResource nonHl7CompliantName="term" valuePrefix="(" valueSuffix=")"/>
						</searchParameter>
					</conceptOfInterest>
					<subTopics>
						<subTopic linkName="Systematic reviews">
							<searchParameter>
								<valueSource>
									<searchTerm>systematic[sb]</searchTerm>
								</valueSource>
								<syntaxOnResource nonHl7CompliantName="term"/>
							</searchParameter>
						</subTopic>
						<subTopic linkName="Therapy">
							<searchParameter>
								<valueSource>
									<searchTerm>Therapy/Narrow[filter]</searchTerm>
								</valueSource>
								<syntaxOnResource nonHl7CompliantName="term"/>
							</searchParameter>
						</subTopic>
						<subTopic linkName="Diagnosis">
							<searchParameter>
								<valueSource>
									<searchTerm>Diagnosis/Narrow[filter]</searchTerm>
								</valueSource>
								<syntaxOnResource nonHl7CompliantName="term"/>
							</searchParameter>
						</subTopic>
					</subTopics>
				</contextDefinition>
				<knowledgeRequestService>
					<knowledgeRequestServiceLocation url="http://www.ncbi.nlm.nih.gov/pubmed?term=hasabstract[text] AND &quot;2004/04/23&quot;[PDat] : &quot;2100/04/19&quot;[PDat] AND &quot;humans&quot;[MeSH Terms] AND jsubsetaim[text] AND English[lang]&amp;"/>
					<attributes>
						<attribute name="myncbishare" value="uutahlib"/>
						<attribute name="holding" value="uutahlib_fft"/>
					</attributes>
				</knowledgeRequestService>
			</context>
			<context name="Links from Medication List to therapy in PubMed Clinical Queries" id="2">
				<contextDefinition>
					<task match="true" search="false">
						<matchingDomain>
							<enumeration includeDescendants="false">
								<code codeSystem="2.16.840.1.113883.5.4" code="MEDOE"/>
								<code codeSystem="2.16.840.1.113883.5.4" code="MLREV"/>
							</enumeration>
						</matchingDomain>
					</task>
					<conceptOfInterest match="false" search="true">
						<searchParameter source="displayName">
							<syntaxOnResource nonHl7CompliantName="term" valuePrefix="(" valueSuffix=")"/>
						</searchParameter>
					</conceptOfInterest>
					<subTopics>
						<subTopic linkName="Therapy (RCT)">
							<searchParameter>
								<valueSource>
									<searchTerm>Therapy/Narrow[filter]</searchTerm>
								</valueSource>
								<syntaxOnResource nonHl7CompliantName="term"/>
							</searchParameter>
						</subTopic>
						<subTopic linkName="Systematic reviews">
							<searchParameter>
								<valueSource>
									<searchTerm>systematic[sb]</searchTerm>
								</valueSource>
								<syntaxOnResource nonHl7CompliantName="term"/>
							</searchParameter>
						</subTopic>
					</subTopics>
				</contextDefinition>
				<knowledgeRequestService>
					<knowledgeRequestServiceLocation url="http://www.ncbi.nlm.nih.gov/pubmed?term=hasabstract[text] AND &quot;2000/04/23&quot;[PDat] : &quot;2100/04/19&quot;[PDat] AND &quot;humans&quot;[MeSH Terms] AND jsubsetaim[text]&amp;"/>
					<attributes>
						<attribute name="myncbishare" value="uutahlib"/>
						<attribute name="holding" value="uutahlib_fft"/>
					</attributes>
				</knowledgeRequestService>
			</context>
		</contexts>
	</profileDefinition>
</knowledgeResourceProfile>
