<?xml version="1.0" encoding="UTF-8"?>
<?altova_sps ..\..\models\ResourceAuhtoring.sps?>
<knowledgeResourceProfile xmlns:xsi="http://www.w3.org/2001/XMLSchema-instance" xsi:noNamespaceSchemaLocation="../../models/ResourceProfile-v2.8_LITE.xsd">
	<header id="1">
		<title>UpToDate</title>
		<profileDescription>_</profileDescription>
		<versionControl publicationDate="2013-04-19T00:00:00"/>
	</header>
	<profileDefinition hl7URLCompliant="true" hl7KnowledgeResponseCompliant="false">
		<authorizedOrganizations>
			<authorizedOrganization name="University of Utah" id="1.3.6.1.4.1.5884"/>
			<authorizedOrganization name="Veterans Administration" id="1.3.6.1.4.1.3768"/>
			<authorizedOrganization name="University of Washington" id="1.3.6.1.4.1.150"/>
			<authorizedOrganization id="MBL" name="Marine Biology Laboratory"/>
			<authorizedOrganization name="Northwestern University" id="2.16.840.1.113883.3.1951"/>
		</authorizedOrganizations>
		<supportedTerminologies>
			<supportedTerminology id="2.16.840.1.113883.6.96" name="SNOMED-CT"/>
			<supportedTerminology id="2.16.840.1.113883.6.103" name="ICD9-CM"/>
			<!--<supportedTerminology id="2.16.840.1.113883.6.90" name="ICD-10CM"/>-->
			<supportedTerminology id="2.16.840.1.113883.6.3" name="ICD-10"/>
			<supportedTerminology id="2.16.840.1.113883.6.88" name="RxNorm"/>
			<supportedTerminology id="2.16.840.1.113883.6.1" name="LOINC"/>
		</supportedTerminologies>
		<contexts>
			<context name="Knowledge on conditions from problem list review and entry" id="1">
				<contextDefinition>
					<patientGender match="true" search="true"/>
					<patientAgeGroup match="false" search="true"/>
					<task match="true" search="true">
						<matchingDomain>
							<enumeration includeDescendants="false">
								<code codeSystem="2.16.840.1.113883.5.4" code="PROBLISTREV"/>
								<code codeSystem="2.16.840.1.113883.5.4" code="PROBLISTE"/>
							</enumeration>
						</matchingDomain>
					</task>
					<encounterType match="false" search="true"/>
					<performerKnowledgeUserType match="true" search="false">
						<matchingDomain>
							<enumeration includeDescendants="false">
								<code codeSystem="2.16.840.1.113883.5.110" code="PROV"/>
							</enumeration>
						</matchingDomain>
					</performerKnowledgeUserType>
					<conceptOfInterest search="true" match="false"/>
					<subTopics>
						<subTopic linkName="Diagnosis">
							<searchParameter>
								<valueSource>
									<searchCode>
										<code codeSystem="2.16.840.1.113883.6.177" displayName="Diagnosis" code="Q000175"/>
									</searchCode>
								</valueSource>
							</searchParameter>
						</subTopic>
						<subTopic linkName="Treatment">
							<searchParameter>
								<valueSource>
									<searchCode>
										<code codeSystem="2.16.840.1.113883.6.177" displayName="Treatment" code="Q000628"/>
									</searchCode>
								</valueSource>
							</searchParameter>
						</subTopic>
						<subTopic linkName="Etiology">
							<searchParameter>
								<valueSource>
									<searchCode>
										<code codeSystem="2.16.840.1.113883.6.177" displayName="Etiology" code="Q000209"/>
									</searchCode>
								</valueSource>
							</searchParameter>
						</subTopic>
						<subTopic linkName="Prognosis">
							<searchParameter>
								<valueSource>
									<searchCode>
										<code codeSystem="2.16.840.1.113883.6.177" displayName="Prognosis" code="D011379"/>
									</searchCode>
								</valueSource>
							</searchParameter>
						</subTopic>
						<subTopic linkName="Symptoms and Signs">
							<searchParameter>
								<valueSource>
									<searchCode>
										<code codeSystem="2.16.840.1.113883.6.177" displayName="Symptoms and Signs" code="Q000175"/>
									</searchCode>
								</valueSource>
							</searchParameter>
						</subTopic>
					</subTopics>
				</contextDefinition>
				<knowledgeRequestService>
					<knowledgeRequestServiceLocation url="http://www.uptodate.com/online/content/search.do?searchType=HL7&amp;"/>
				</knowledgeRequestService>
			</context>
			<context name="Knowledge on lab tests" id="2">
				<contextDefinition>
					<patientGender match="false" search="true"/>
					<patientAgeGroup match="false" search="true"/>
					<task match="true" search="true">
						<matchingDomain>
							<enumeration includeDescendants="false">
								<code codeSystem="2.16.840.1.113883.5.4" code="LABRREV"/>
							</enumeration>
						</matchingDomain>
					</task>
					<encounterType search="true" match="false"/>
					<performerKnowledgeUserType match="true" search="false">
						<matchingDomain>
							<enumeration includeDescendants="false">
								<code codeSystem="2.16.840.1.113883.5.110" code="PROV"/>
							</enumeration>
						</matchingDomain>
					</performerKnowledgeUserType>
					<conceptOfInterest match="false" search="true"/>
					<subTopics>
						<subTopic linkName="Clinical significance"/>
					</subTopics>
				</contextDefinition>
				<knowledgeRequestService>
					<knowledgeRequestServiceLocation url="http://www.uptodate.com/online/content/search.do?searchType=HL7&amp;"/>
				</knowledgeRequestService>
			</context>
			<context name="Knowledge on meds" id="3">
				<contextDefinition>
					<patientGender match="false" search="true"/>
					<patientAgeGroup match="false" search="true"/>
					<task match="true" search="true">
						<matchingDomain>
							<enumeration includeDescendants="false">
								<code codeSystem="2.16.840.1.113883.5.4" displayName="medication order entry" code="MEDOE"/>
								<code codeSystem="2.16.840.1.113883.5.4" displayName="medication list review" code="MLREV"/>
							</enumeration>
						</matchingDomain>
					</task>
					<encounterType match="false" search="true"/>
					<conceptOfInterest match="false" search="true">
						<outputDisplayNameTransformation id="getDrugCode" name="getDrugCode"/>
					</conceptOfInterest>
					<subTopics>
						<subTopic linkName="Drug information"/>
					</subTopics>
				</contextDefinition>
				<knowledgeRequestService>
					<knowledgeRequestServiceLocation url="http://www.uptodate.com/online/content/search.do?searchType=HL7&amp;"/>
				</knowledgeRequestService>
			</context>
		</contexts>
	</profileDefinition>
</knowledgeResourceProfile>
