<?xml version="1.0" encoding="UTF-8"?>
<knowledgeResourceProfile xmlns:xsi="http://www.w3.org/2001/XMLSchema-instance" xsi:noNamespaceSchemaLocation="../../models/ResourceProfile-v2.8_LITE.xsd">
	<header id="1">
		<title>VisualDx</title>
		<profileDescription>Dermatology diagnosis.</profileDescription>
		<versionControl publicationDate="2012-10-09T00:00:00"/>
	</header>
	<profileDefinition hl7URLCompliant="true" hl7KnowledgeResponseCompliant="false">
		<authorizedOrganizations>
			<authorizedOrganization name="Veterans Administration" id="1.3.6.1.4.1.3768"/>
						<authorizedOrganization name="Lehigh Valley Health Network" id="http://lvhn.org"/>

		</authorizedOrganizations>
		<supportedTerminologies>
			<supportedTerminology id="2.16.840.1.113883.6.96" name="SNOMED-CT"/>
			<supportedTerminology id="2.16.840.1.113883.6.88" name="RxNorm"/>

		</supportedTerminologies>
		<contexts>
			<context name="Access to content from problem list review and entry." id="1">
				<contextDefinition>
					<patientGender match="false" search="true"/>
					<patientAgeGroup match="false" search="true"/>
					<task match="true" search="true">
						<matchingDomain>
							<enumeration includeDescendants="false">
								<code codeSystem="2.16.840.1.113883.5.4" displayName="problem list review task" code="PROBLISTREV"/>
								<code codeSystem="2.16.840.1.113883.5.4" displayName="problem list entry task" code="PROBLISTE"/>
							</enumeration>
						</matchingDomain>
					</task>
					<conceptOfInterest match="true" search="true">
						<matchingDomain>
							<externalValueSet id="VISUALDX_PROBLEMS" name="2.16.840.1.113883.6.96" namespace="SNOMEDCT"/>
						</matchingDomain>
					</conceptOfInterest>
					<subTopics>
						<subTopic linkName="Differential diagnosis"/>
					</subTopics>
				</contextDefinition>
				<knowledgeRequestService>
					<knowledgeRequestServiceLocation url="http://www.visualdx.com/visualdx/visualdx6/infobutton.do?"/>
				</knowledgeRequestService>
			</context>
			<context name="Access to content from medications list review and entry." id="1">
				<contextDefinition>
					<patientGender match="false" search="true"/>
					<patientAgeGroup match="false" search="true"/>
					<task match="true" search="true">
						<matchingDomain>
							<enumeration includeDescendants="false">
								<code codeSystem="2.16.840.1.113883.5.4" displayName="medication order entry" code="MEDOE"/>
								<code codeSystem="2.16.840.1.113883.5.4" displayName="medication list review" code="MLREV"/>
							</enumeration>
						</matchingDomain>
					</task>
					<conceptOfInterest match="true" search="true">
						<matchingDomain>
							<externalValueSet id="VISUALDX_MEDICATIONS" name="2.16.840.1.113883.6.88" namespace="RxNorm"/>
						</matchingDomain>
					</conceptOfInterest>
					<subTopics>
						<subTopic linkName="Differential diagnosis"/>
					</subTopics>
				</contextDefinition>
				<knowledgeRequestService>
					<knowledgeRequestServiceLocation url="http://www.visualdx.com/visualdx/visualdx6/infobutton.do?"/>
				</knowledgeRequestService>
			</context>
		</contexts>
	</profileDefinition>
</knowledgeResourceProfile>
